Ref,Val,Package,PosX,PosY,Rot,Side
"H1","4mm_hole","4mm_hole",33.932800,-28.575000,0.000000,top
"H2","4mm_hole","4mm_hole",45.839100,-33.932800,0.000000,top
"H3","6mm_hole","6mm_hole",58.936000,-28.575000,0.000000,top
"H4","4mm_hole","4mm_hole",186.333000,-28.575000,0.000000,top
"H5","6x10mm_hole","6x10mm_hole",250.626000,-28.575000,0.000000,top
"H6","4mm_hole","4mm_hole",258.961000,-33.932800,0.000000,top
"H7","4mm_hole","4mm_hole",287.536000,-28.575000,0.000000,top
"H8","3x5mm_hole","3x5mm_hole",370.284000,1.785900,0.000000,top
"H9","4.5mm_hole","4.5mm_hole",2.976500,-132.754000,0.000000,top
"H10","4mm_hole","4mm_hole",58.936000,-133.350000,0.000000,top
"H12","4mm_hole","4mm_hole",313.730000,-133.350000,0.000000,top
"J3","USB Header","USB_breakout",248.778314,6.548443,180.000000,top
"K1","KEYSW","CHERRY_PLATE_100H",9.525008,-9.525008,0.000000,top
"K2","KEYSW","CHERRY_PLATE_100H",52.982857,-9.525008,0.000000,top
"K3","KEYSW","CHERRY_PLATE_100H",91.082889,-9.525008,0.000000,top
"K4","KEYSW","CHERRY_PLATE_100H",134.540738,-9.525008,0.000000,top
"K5","KEYSW","CHERRY_PLATE_100H",172.640770,-9.525008,0.000000,top
"K6","KEYSW","CHERRY_PLATE_100H",216.098619,-9.525008,0.000000,top
"K7","KEYSW","CHERRY_PLATE_100H",254.198651,-9.525008,0.000000,top
"K8","KEYSW","CHERRY_PLATE_100H",305.990882,-9.525008,0.000000,top
"K9","KEYSW","CHERRY_PLATE_100H",325.040898,-9.525008,0.000000,top
"K10","KEYSW","CHERRY_PLATE_100H",344.090914,-9.525008,0.000000,top
"K11","KEYSW","CHERRY_PLATE_100H",363.140930,-9.525008,0.000000,top
"K12","KEYSW","CHERRY_PLATE_100H",33.932841,-9.525008,0.000000,top
"K13","KEYSW","CHERRY_PLATE_100H",72.032873,-9.525008,0.000000,top
"K14","KEYSW","CHERRY_PLATE_100H",115.490722,-9.525008,0.000000,top
"K15","KEYSW","CHERRY_PLATE_100H",153.590754,-9.525008,0.000000,top
"K16","KEYSW","CHERRY_PLATE_100H",197.048603,-9.525008,0.000000,top
"K17","KEYSW","CHERRY_PLATE_100H",235.148635,-9.525008,0.000000,top
"K18","KEYSW","CHERRY_PCB_200H",266.700224,-47.625040,0.000000,top
"K18-1","KEYSW","CHERRY_PLATE_100H",276.225232,-47.625040,0.000000,top
"K19","KEYSW","CHERRY_PLATE_100H",305.990882,-28.575024,0.000000,top
"K20","KEYSW","CHERRY_PLATE_100H",325.040898,-28.575024,0.000000,top
"K21","KEYSW","CHERRY_PLATE_100H",344.090914,-28.575024,0.000000,top
"K22","KEYSW","CHERRY_PLATE_100H",363.140930,-28.575024,0.000000,top
"K23","KEYSW","CHERRY_PLATE_100H",9.525008,-47.625040,0.000000,top
"K24","KEYSW","CHERRY_PLATE_100H",47.625040,-47.625040,0.000000,top
"K25","KEYSW","CHERRY_PLATE_100H",85.725072,-47.625040,0.000000,top
"K26","KEYSW","CHERRY_PLATE_100H",123.825104,-47.625040,0.000000,top
"K27","KEYSW","CHERRY_PLATE_100H",161.925136,-47.625040,0.000000,top
"K28","KEYSW","CHERRY_PLATE_100H",200.025168,-47.625040,0.000000,top
"K29","KEYSW","CHERRY_PLATE_100H",257.175216,-47.625040,0.000000,top
"K30","KEYSW","CHERRY_PLATE_100H",305.990882,-47.625040,0.000000,top
"K31","KEYSW","CHERRY_PLATE_100H",325.040898,-47.625040,0.000000,top
"K32","KEYSW","CHERRY_PLATE_100H",344.090914,-47.625040,0.000000,top
"K33","KEYSW","CHERRY_PLATE_100H",363.140930,-47.625040,0.000000,top
"K34","KEYSW","CHERRY_PLATE_100H",28.575024,-47.625040,0.000000,top
"K35","KEYSW","CHERRY_PLATE_100H",66.675056,-47.625040,0.000000,top
"K36","KEYSW","CHERRY_PLATE_100H",104.775088,-47.625040,0.000000,top
"K37","KEYSW","CHERRY_PLATE_100H",142.875120,-47.625040,0.000000,top
"K38","KEYSW","CHERRY_PLATE_100H",180.975152,-47.625040,0.000000,top
"K39","KEYSW","CHERRY_PLATE_100H",219.075184,-47.625040,0.000000,top
"K40","KEYSW","CHERRY_PLATE_100H",238.125200,-47.625040,0.000000,top
"K41","KEYSW","CHERRY_PLATE_100H",305.990882,-66.675056,0.000000,top
"K42","KEYSW","CHERRY_PLATE_100H",325.040898,-66.675056,0.000000,top
"K43","KEYSW","CHERRY_PLATE_100H",344.090914,-66.675056,0.000000,top
"K44","KEYSW","CHERRY_PLATE_100H",363.140930,-66.675056,0.000000,top
"K45","KEYSW","CHERRY_PLATE_150H",14.287512,-66.675056,0.000000,top
"K46","KEYSW","CHERRY_PLATE_100H",57.150048,-66.675056,0.000000,top
"K47","KEYSW","CHERRY_PLATE_100H",95.250080,-66.675056,0.000000,top
"K48","KEYSW","CHERRY_PLATE_100H",133.350112,-66.675056,0.000000,top
"K49","KEYSW","CHERRY_PLATE_100H",171.450144,-66.675056,0.000000,top
"K50","KEYSW","CHERRY_PLATE_100H",209.550176,-66.675056,0.000000,top
"K51","KEYSW","CHERRY_PLATE_100H",247.650208,-66.675056,0.000000,top
"K52","KEYSW","CHERRY_PLATE_100H",305.990882,-85.725072,0.000000,top
"K53","KEYSW","CHERRY_PLATE_100H",325.040898,-85.725072,0.000000,top
"K54","KEYSW","CHERRY_PLATE_100H",344.090914,-85.725072,0.000000,top
"K55","KEYSW","CHERRY_PLATE_100H",363.140930,-85.725072,0.000000,top
"K55-1","KEYSW","CHERRY_PCB_200H_V",363.140930,-76.200064,0.000000,top
"K56","KEYSW","CHERRY_PLATE_100H",38.100032,-66.675056,0.000000,top
"K57","KEYSW","CHERRY_PLATE_100H",76.200064,-66.675056,0.000000,top
"K58","KEYSW","CHERRY_PLATE_100H",114.300096,-66.675056,0.000000,top
"K59","KEYSW","CHERRY_PLATE_100H",152.400128,-66.675056,0.000000,top
"K60","KEYSW","CHERRY_PLATE_100H",190.500160,-66.675056,0.000000,top
"K61","KEYSW","CHERRY_PLATE_100H",228.600192,-66.675056,0.000000,top
"K62","KEYSW","CHERRY_PLATE_150H",271.462728,-66.675056,0.000000,top
"K63","KEYSW","CHERRY_PLATE_100H",305.990882,-104.775088,0.000000,top
"K64","KEYSW","CHERRY_PLATE_100H",325.040898,-104.775088,0.000000,top
"K65","KEYSW","CHERRY_PLATE_100H",344.090914,-104.775088,0.000000,top
"K66","KEYSW","CHERRY_PLATE_100H",363.140930,-104.775088,0.000000,top
"K67","KEYSW","CHERRY_PLATE_175H",16.668764,-85.725072,0.000000,top
"K67-1","KEYSW","CHERRY_PLATE_125H",11.906260,-85.725072,0.000000,top
"K68","KEYSW","CHERRY_PLATE_100H",61.912552,-85.725072,0.000000,top
"K69","KEYSW","CHERRY_PLATE_100H",100.012584,-85.725072,0.000000,top
"K70","KEYSW","CHERRY_PLATE_100H",138.112616,-85.725072,0.000000,top
"K71","KEYSW","CHERRY_PLATE_100H",176.212648,-85.725072,0.000000,top
"K72","KEYSW","CHERRY_PLATE_100H",214.312680,-85.725072,0.000000,top
"K73","KEYSW","CHERRY_PCB_225H",264.318972,-85.725072,0.000000,top
"K73-1","KEYSW","CHERRY_PCB_200H_V",273.843980,-76.200064,0.000000,top
"K75","KEYSW","CHERRY_PLATE_100H",325.040898,-123.825104,0.000000,top
"K76","KEYSW","CHERRY_PLATE_100H",344.090914,-123.825104,0.000000,top
"K77","KEYSW","CHERRY_PCB_200H_V",363.140930,-114.300096,0.000000,top
"K77-1","KEYSW","CHERRY_PLATE_100H",363.140930,-123.825104,0.000000,top
"K78","KEYSW","CHERRY_PLATE_100H",42.862536,-85.725072,0.000000,top
"K79","KEYSW","CHERRY_PLATE_100H",80.962568,-85.725072,0.000000,top
"K80","KEYSW","CHERRY_PLATE_100H",119.062600,-85.725072,0.000000,top
"K81","KEYSW","CHERRY_PLATE_100H",157.162632,-85.725072,0.000000,top
"K82","KEYSW","CHERRY_PLATE_100H",195.262664,-85.725072,0.000000,top
"K83","KEYSW","CHERRY_PLATE_100H",233.362696,-85.725072,0.000000,top
"K84","KEYSW","CHERRY_PLATE_100H",252.412712,-85.725072,0.000000,top
"K85","KEYSW","CHERRY_PLATE_100H",9.525008,-123.825104,0.000000,top
"K85-1","KEYSW","CHERRY_PLATE_125H",11.906260,-123.825104,0.000000,top
"K85-2","KEYSW","CHERRY_PLATE_150H",14.287512,-123.825104,0.000000,top
"K86","KEYSW","CHERRY_PLATE_100H",47.625040,-123.825104,0.000000,top
"K86-1","KEYSW","CHERRY_PLATE_125H",59.531300,-123.825104,0.000000,top
"K86-2","KEYSW","CHERRY_PLATE_150H",42.862536,-123.825104,0.000000,top
"K87","KEYSW","CHERRY_PLATE_100H",180.975152,-123.825104,0.000000,top
"K88","KEYSW","CHERRY_PLATE_100H",219.075184,-123.825104,0.000000,top
"K89","KEYSW","CHERRY_PCB_225H",21.431268,-104.775088,0.000000,top
"K89-1","KEYSW","CHERRY_PLATE_125H",11.906260,-104.775088,0.000000,top
"K90","KEYSW","CHERRY_PLATE_100H",52.387544,-104.775088,0.000000,top
"K91","KEYSW","CHERRY_PLATE_100H",90.487576,-104.775088,0.000000,top
"K92","KEYSW","CHERRY_PLATE_100H",128.587608,-104.775088,0.000000,top
"K93","KEYSW","CHERRY_PLATE_100H",166.687640,-104.775088,0.000000,top
"K94","KEYSW","CHERRY_PLATE_100H",204.787672,-104.775088,0.000000,top
"K95","KEYSW","CHERRY_PLATE_175H",250.031460,-104.775088,0.000000,top
"K96","KEYSW","CHERRY_PLATE_100H",28.575024,-123.825104,0.000000,top
"K96-1","KEYSW","CHERRY_PLATE_125H",35.718780,-123.825104,0.000000,top
"K97","KEYSW","CHERRY_PCB_600H",114.300096,-123.825104,0.000000,top
"K97-1","KEYSW","CHERRY_PCB_625H",130.968860,-123.825104,0.000000,top
"K97-2","KEYSW","CHERRY_PCB_700H",123.825096,-123.825104,0.000000,top
"K98","KEYSW","CHERRY_PLATE_100H",200.025168,-123.825104,0.000000,top
"K98-1","KEYSW","CHERRY_PLATE_150H",204.787672,-123.825104,0.000000,top
"K99","KEYSW","CHERRY_PLATE_100H",238.125200,-123.825104,0.000000,top
"K99-1","KEYSW","CHERRY_PLATE_150H",233.362696,-123.825104,0.000000,top
"K100","KEYSW","CHERRY_PLATE_100H",33.337528,-104.775088,0.000000,top
"K101","KEYSW","CHERRY_PLATE_100H",71.437560,-104.775088,0.000000,top
"K102","KEYSW","CHERRY_PLATE_100H",109.537592,-104.775088,0.000000,top
"K103","KEYSW","CHERRY_PLATE_100H",147.637624,-104.775088,0.000000,top
"K104","KEYSW","CHERRY_PLATE_100H",185.737656,-104.775088,0.000000,top
"K105","KEYSW","CHERRY_PLATE_100H",223.837688,-104.775088,0.000000,top
"K107","KEYSW","CHERRY_PLATE_100H",281.583049,-110.132905,0.000000,top
"K108","KEYSW","CHERRY_PLATE_100H",262.533033,-129.182921,0.000000,top
"K109","KEYSW","CHERRY_PLATE_100H",281.583049,-129.182921,0.000000,top
"K110","KEYSW","CHERRY_PLATE_100H",300.633065,-129.182921,0.000000,top
"L1","LED","LED_D3.0mm",272.653000,-14.882800,0.000000,top
"L2","LED","LED_D3.0mm",279.797000,-14.882800,0.000000,top
"L2-1","LED","CHERRY_MX_LED",11.906260,-85.725000,0.000000,top
"L2-2","LED","CHERRY_MX_LED",16.668764,-85.725072,0.000000,top
"L3","LED","LED_D3.0mm",286.941000,-14.882800,0.000000,top
"L3-1","LED","CHERRY_MX_LED",363.140930,-28.575024,0.000000,top
